,Name,Accuracy,Number of Turns,Player 1 Turn Taking,Player 2 Turn Taking,Player 3 Turn Taking,Player 4 Turn Taking,Player 1 SA Average,Player 2 SA Average,Player 3 SA Average,Player 4 SA Average,Average Turn Taking,SA 3 Turn Taking,SA 4 Turn Taking,SA 5 Turn Taking,SA 6 Turn Taking,Mean Sentiment,Delta Sentiment,Mean Start Sentiment
0,SVM RBF,0.4166666666666667,,,,,,,,,,,,,,,,,
0,SVM Linear,0.75,,,,,,,,,,,,,,,,,
0,SVM Poly,0.5833333333333334,,,,,,,,,,,,,,,,,
0,Gaussian Naive Bayes,0.75,,,,,,,,,,,,,,,,,
0,Bernoulli Naive Bayes,0.5833333333333334,,,,,,,,,,,,,,,,,
0,MLP Classifier,0.75,,,,,,,,,,,,,,,,,
0,Random Forest Classifier,0.6666666666666666,0.03186583349394187,0.06208444032072471,0.02172244125874315,0.02712129261313413,0.015120169609416251,0.11775492996108629,0.18057701144968694,0.05538755411277952,0.12998262089445933,0.03305949220242017,0.05059641248527156,0.06714893875395912,0.011457548659334465,0.07380681039119942,0.04400263555373897,0.027278892112171917,0.051032976127932166
0,Decision Tree Classifier,0.75,0.0,0.0,0.0742857142857143,0.0,0.0,0.22597402597402594,0.3723453017570665,0.0,0.0,0.0,0.0,0.16549019607843132,0.0,0.1619047619047619,0.0,0.0,0.0
