,Name,Accuracy,Number of Turns,Player 1 Turn Taking,Player 2 Turn Taking,Player 3 Turn Taking,Player 4 Turn Taking,Player 1 SA Average,Player 2 SA Average,Player 3 SA Average,Player 4 SA Average,Average Turn Taking,SA 3 Turn Taking,SA 4 Turn Taking,SA 5 Turn Taking,SA 6 Turn Taking,Mean Sentiment,Delta Sentiment,Mean Start Sentiment
0,SVM RBF,0.5,,,,,,,,,,,,,,,,,
0,SVM Linear,0.5,,,,,,,,,,,,,,,,,
0,SVM Poly,0.6071428571428571,,,,,,,,,,,,,,,,,
0,Gaussian Naive Bayes,0.5,,,,,,,,,,,,,,,,,
0,Bernoulli Naive Bayes,0.5357142857142857,,,,,,,,,,,,,,,,,
0,MLP Classifier,0.6428571428571429,,,,,,,,,,,,,,,,,
0,Random Forest Classifier,0.6071428571428571,0.05309092766197074,0.031208199649818743,0.04177279838307342,0.04813731424258148,0.054629494458289234,0.10060076276142702,0.0584537606774244,0.11312561293336643,0.05222229907122226,0.018964815326517455,0.033791945326195456,0.043680256303115665,0.03405451400067384,0.14001166875681484,0.06591544316693512,0.036306600566590186,0.0740335867139837
0,Decision Tree Classifier,0.35714285714285715,0.0,0.0,0.0,0.0,0.19999999999999996,0.3714285714285715,0.0,0.42857142857142855,0.0,0.0,0.0,0.0,0.0,0.0,0.0,0.0,0.0
