,Name,Accuracy,Number of Turns,Player 1 Turn Taking,Player 2 Turn Taking,Player 3 Turn Taking,Player 4 Turn Taking,Player 1 SA Average,Player 2 SA Average,Player 3 SA Average,Player 4 SA Average,Average Turn Taking,SA 3 Turn Taking,SA 4 Turn Taking,SA 5 Turn Taking,SA 6 Turn Taking,Mean Sentiment,Delta Sentiment,Mean Start Sentiment
0,SVM RBF,0.2777777777777778,,,,,,,,,,,,,,,,,
0,SVM Linear,0.4722222222222222,,,,,,,,,,,,,,,,,
0,SVM Poly,0.5,,,,,,,,,,,,,,,,,
0,Gaussian Naive Bayes,0.2777777777777778,,,,,,,,,,,,,,,,,
0,Bernoulli Naive Bayes,0.2777777777777778,,,,,,,,,,,,,,,,,
0,MLP Classifier,0.3333333333333333,,,,,,,,,,,,,,,,,
0,Random Forest Classifier,0.3611111111111111,0.026666666666666672,0.11555555555555556,0.022222222222222223,0.026666666666666672,0.06666666666666668,0.09333333333333335,0.06222222222222222,0.03555555555555556,0.053333333333333344,0.12000000000000001,0.013333333333333336,0.04000000000000001,0.1466666666666667,0.06666666666666668,0.03111111111111111,0.06666666666666668,0.013333333333333336
0,Decision Tree Classifier,0.5833333333333334,0.0,0.0,0.0,0.0,0.0,0.0,1.0,0.0,0.0,0.0,0.0,0.0,0.0,0.0,0.0,0.0,0.0
