,Name,Accuracy,Number of Turns,Player 1 Turn Taking,Player 2 Turn Taking,Player 3 Turn Taking,Player 4 Turn Taking,Player 1 SA Average,Player 2 SA Average,Player 3 SA Average,Player 4 SA Average,Average Turn Taking,SA 3 Turn Taking,SA 4 Turn Taking,SA 5 Turn Taking,SA 6 Turn Taking,Mean Sentiment,Delta Sentiment,Mean Start Sentiment
0,SVM RBF,0.4166666666666667,,,,,,,,,,,,,,,,,
0,SVM Linear,0.5,,,,,,,,,,,,,,,,,
0,SVM Poly,0.5,,,,,,,,,,,,,,,,,
0,Gaussian Naive Bayes,0.6666666666666666,,,,,,,,,,,,,,,,,
0,Bernoulli Naive Bayes,0.4166666666666667,,,,,,,,,,,,,,,,,
0,MLP Classifier,0.5,,,,,,,,,,,,,,,,,
0,Random Forest Classifier,0.625,0.041590781640554166,0.0416358138024283,0.039865142930575394,0.03004827671016284,0.04529738793754403,0.029537700893126063,0.0866148852688007,0.11481343519223607,0.06955847472243493,0.030396950988308052,0.05306881473436256,0.08776902458353279,0.06410088481289834,0.12353374559648765,0.06727194369040847,0.02994327328551521,0.04495346321062443
0,Decision Tree Classifier,0.5,0.0,0.14457831325301204,0.1285140562248996,0.0,0.1686746987951807,0.0,0.0,0.22891566265060231,0.13119143239625164,0.0,0.0,0.1981258366800537,0.0,0.0,0.0,0.0,0.0
